"","X","pID","Reflection_Type","survey_name","self_acceptance_1","purpose_3","personal_growth_1","personal_growth_2","positive_relations_2","personal_growth_3","Autonomy_1","positive_relations_3","Autonomy_2","Autonomy_3","self_acceptance_2","purpose_1","environmental_mastery_1","self_acceptance_3","positive_relations_1","purpose_2","environmental_mastery_2","environmental_mastery_3","SWLS_1","SWLS_2","SWLS_3","SWLS_4","SWLS_5"
"1",1,"WBP001","Text","LP2 well-being prediction",6,7,5,5,5,5,5,5,4,5,6,5,5,5,3,7,5,5,7,6,6,5,5
"2",2,"WBP002","Audio","LP2 well-being prediction",6,7,6,6,6,7,3,7,5,5,6,6,6,6,6,7,6,6,6,7,6,7,5
"3",3,"WBP003","Audio","LP2 well-being prediction",5,6,5,7,5,6,5,2,6,6,6,3,5,3,2,5,5,3,6,5,5,5,5
"4",4,"WBP004","Text","LP2 well-being prediction",7,1,7,7,6,1,1,1,6,7,7,7,2,2,2,1,7,7,7,7,7,7,7
"5",5,"WBP005","Audio","LP2 well-being prediction",6,6,7,5,6,7,3,6,6,6,6,5,2,6,3,5,5,6,5,6,6,5,3
"6",6,"WBP006","Text","LP2 well-being prediction",6,7,7,7,7,7,6,2,7,3,6,5,5,4,2,6,2,6,5,5,2,5,2
"7",7,"WBP007","Text","LP2 well-being prediction",2,7,5,6,6,7,2,7,3,3,2,5,1,1,5,7,5,5,5,3,3,2,2
"8",8,"WBP008","Audio","LP2 well-being prediction",6,7,7,7,7,7,7,7,7,6,5,4,6,7,6,6,6,7,6,5,5,6,6
"9",9,"WBP009","Text","LP2 well-being prediction",3,7,7,7,5,7,6,6,7,6,6,4,3,6,3,4,6,6,5,6,6,5,2
"10",10,"WBP010","Text","LP2 well-being prediction",5,7,6,7,5,6,6,7,6,7,6,7,6,6,6,6,7,6,6,6,6,7,7
"11",11,"WBP011","Audio","LP2 well-being prediction",5,5,4,5,5,5,3,6,5,5,5,4,4,5,5,3,5,5,4,5,4,5,3
"12",12,"WBP012","Audio","LP2 well-being prediction",6,7,6,6,5,6,6,7,6,3,5,6,5,6,7,7,6,6,5,5,6,6,2
"13",13,"WBP013","Text","LP2 well-being prediction",7,7,7,7,6,7,3,1,7,5,6,6,3,2,7,5,6,6,5,6,5,6,3
"14",14,"WBP014","Audio","LP2 well-being prediction",6,7,7,7,6,5,5,4,5,7,6,6,4,5,4,3,6,5,5,5,4,5,1
"15",15,"WBP015","Text","LP2 well-being prediction",5,7,5,6,6,6,4,7,5,5,6,3,4,5,5,7,5,3,7,6,7,5,7
"16",16,"WBP016","Audio","LP2 well-being prediction",4.5,7,5,5,5,4,4.5,6,5,4.5,5.5,2.5,4.5,5.5,5.5,5.5,4.5,5,4.5,6,5.5,5,3.5
"17",17,"WBP017","Text","LP2 well-being prediction",1,7,7,5,6,7,7,6,6,2,5,2,2,2,7,6,6,7,2,7,2,1,2
"18",18,"WBP018","Text","LP2 well-being prediction",5,7,6,7,5,6,3,6,3,2,4,4,3,5,4,6,4,5,3,5,5,3,2
"19",19,"WBP019","Text","LP2 well-being prediction",2,7,7,7,6,6,6,3,7,6,6,5,7,6,1,7,6,5,5,7,5,5,2
"20",20,"WBP020","Text","LP2 well-being prediction",6,6,5,7,6,6,6,1,6,5,6,6,5,7,6,6,6,6,5,5,5,5,5
"21",21,"WBP021","Audio","LP2 well-being prediction",5,6,4,6,5,2,3,3,5,3,6,2,1,6,3,7,5,2,5,5,4,4,1
"22",22,"WBP022","Text","LP2 well-being prediction",6,7,7,6.5,6,7,5,7,6,5.5,6.5,5,5.5,6.5,7,3,6.5,6,5.5,7,6.5,6.5,4.5
"23",23,"WBP023","Text","LP2 well-being prediction",7,7,5,7,6,7,5,7,6,6,7,6,4,7,6,7,7,5,5,4,6,6,6
"24",24,"WBP024","Audio","LP2 well-being prediction",6,7,6,6,6,6,3,2,5,5,6,6,5,6,5,5,6,6,6,6,6,6,6
"25",25,"WBP024","Text","LP2 well-being prediction",5,5,6,5,5,5,4,5,5,4,5,5,4,5,5,5,5,6,5,5,5,5,5
"26",26,"WBP025","Audio","LP2 well-being prediction",6,7,6,7,6,7,3,5,6,6,5,6,1,3,4,3,7,3,4,4,5,6,2
"27",27,"WBP026","Audio","LP2 well-being prediction",6,5,4,4,5,7,3,7,6,3,7,7,6,7,7,7,7,6,6,6,6,6,6
"28",28,"WBP027","Audio","LP2 well-being prediction",5,6,7,6,6,6,4,7,6,6,6,4,6,5,4,6,6,5,5,6,5,6,6
"29",29,"WBP028","Text","LP2 well-being prediction",5,7,7,6,6,3,6,4,6,6,6,6,3,6,3,6,5,5,4,5,6,5,7
"30",30,"WBP029","Text","LP2 well-being prediction",5,5,6,5,5,5,4,4,4,5,5,6,5,6,3,4,6,5,6,6,6,6,6
"31",31,"WBP030","Audio","LP2 well-being prediction",5,7,5,6,5,7,2,7,2,1,3,1,1,3,2,6,2,2,3,5,5,5,2
"32",32,"WBP031","Audio","LP2 well-being prediction",6,6,5,6,5,6,6,6,5,5,6,5,5,6,6,6,5,6,5,5,5,5,4
"33",33,"WBP032","Text","LP2 well-being prediction",5,7,7,6,3,7,3,2,4,6,6,6,2,6,2,7,6,7,2,6,2,1,5
"34",34,"WBP033","Text","LP2 well-being prediction",6,7,7,7,7,7,4,7,7,6,7,7,6,7,7,4,6,6,7,7,7,6,6
"35",35,"WBP034","Audio","LP2 well-being prediction",6,7,6,6,5,6,6,7,6,5,7,5,7,6,6,6,6,7,5,6,6,5,2
"36",36,"WBP035","Text","LP2 well-being prediction",4,3,4,4,4,5,5,4,5,3,3,5,3,3,5,5,4,4,6,6,6,6,6
"37",37,"WBP036","Text","LP2 well-being prediction",5,7,7,7,7,7,7,4,7,5,7,5,3,7,4,7,5,6,1,7,1,7,3
"38",38,"WBP037","Text","LP2 well-being prediction",3,4,6,6,5,6,3,3,5,6,5,3,2,4,2,6,6,5,6,6,6,6,6
"39",39,"WBP038","Text","LP2 well-being prediction",7,7,7,7,7,7,3,7,7,5,6,5,6,7,7,4,6,7,7,7,7,7,7
"40",40,"WBP039","Audio","LP2 well-being prediction",6,7,6,7,7,6,3,7,6,3,7,6,4,7,7,6,5,5,7,6,7,6,5
"41",41,"WBP040","Audio","LP2 well-being prediction",7,7,7,7,7,6,4,1,5,3,7,6,5,6,7,4,6,6,6,6,6,6,6
"42",42,"WBP041","Text","LP2 well-being prediction",6,2,6,6,6,6,6,3,6,6,6,6,5,6,4,2,6,2,6,6,6,7,4
"43",43,"WBP042","Text","LP2 well-being prediction",6,3,7,6,6,6,6,7,7,7,7,7,6,7,3,7,6,7,6,7,7,6,6
"44",44,"WBP043","Text","LP2 well-being prediction",5,7,7,7,6,7,4,6,6,6,5,7,3,7,3,6,3,5,4,4,6,6,3
"45",45,"WBP044","Text","LP2 well-being prediction",6,7,7,7,3,6,2,7,3,4,7,7,6,7,7,2,4,5,6,6,6,6,6
"46",46,"WBP045","Text","LP2 well-being prediction",7,6,6,7,7,7,3,7,6,2,6,2,3,6,7,2,6,2,6,5,4,6,3
"47",47,"WBP046","Text","LP2 well-being prediction",6,7,7,7,7,6,4,5,7,6,7,3,2,6,6,5,6,3,4,3,6,6,6
"48",48,"WBP047","Text","LP2 well-being prediction",6,6,7,7,7,6,5,6,6,6,6,5,3,7,6,5,5,6,6,6,6,7,6
"49",49,"WBP048","Audio","LP2 well-being prediction",5,2,6,3,5,3,4,7,6,6,6,3,3,3,3,4,4,3,5,4,5,6,4
"50",50,"WBP049","Audio","LP2 well-being prediction",6,5,6,7,6,7,7,7,7,7,5,7,5,4,4,6,6,2,4,7,6,4,1
"51",51,"WBP049","Text","LP2 well-being prediction",6,4,7,7,6,6,7,7,7,7,5,7,3,3,6,6,5,4,3,7,6,6,1
"52",52,"WBP050","Audio","LP2 well-being prediction",6,6,6,7,6,6,3,7,5,4,6,6,3,6,5,6,5,6,6,6,6,6,4
"53",53,"WBP051","Audio","LP2 well-being prediction",6,6,6,7,7,7,4,7,4,6,6,6,6,7,7,6,6,6,5,5,6,4,4
"54",54,"WBP052","Text","LP2 well-being prediction",6,6,6,6,6,6,2,7,5,2,6,5,5,5,6,6,6,6,6,6,6,6,6
"55",55,"WBP053","Text","LP2 well-being prediction",6,7,7,6,3,6,3,5,3,5,6,6,4,6,3,6,6,6,5,6,6,3,6
"56",56,"WBP054","Text","LP2 well-being prediction",6,7,7,7,6,5,6,2,6,7,6,6,6,5,6,3,6,5,6,6,7,5,7
"57",57,"WBP055","Text","LP2 well-being prediction",5,7,7,7,6,6,3,6,3,4,5,5,5,6,4,6,4,5,4,5,6,6,2
"58",58,"WBP056","Audio","LP2 well-being prediction",7,7,4,7,5,3,6,2,6,6,7,6,6,3,2,4,2,6,3,6,5,5,2
"59",59,"WBP057","Text","LP2 well-being prediction",6,7,7,7,7,6,1,7,3,3,7,3,2,3,7,3,6,6,6,6,7,5,5
"60",60,"WBP058","Text","LP2 well-being prediction",6,4,4,7,7,7,4,6,6,7,7,4,7,7,3,6,7,5,6,7,6,6,6
"61",61,"WBP059","Audio","LP2 well-being prediction",6,6,6,7,7,6,3,6,6,5,6,4,3,6,7,4,6,6,6,7,6,6,6
"62",62,"WBP060","Audio","LP2 well-being prediction",6,7,7,7,5,5,3,3,5,5,5,6,2,4,3,6,2,6,3,5,5,5,1
"63",63,"WBP061","Text","LP2 well-being prediction",3,7,5,4,4,6,2,6,3,3,5,5,1,7,6,6,2,3,1,5,3,1,1
"64",64,"WBP062","Audio","LP2 well-being prediction",5,7,5,5,6,6,5,7,5,5,5,5,4,6,7,6,5,6,3,5,6,5,5
"65",65,"WBP063","Text","LP2 well-being prediction",5,3,6,6,6,5,3,5,4,3,5,5,4,5,5,3,5,4,5,5,6,5,2
"66",66,"WBP064","Audio","LP2 well-being prediction",7,7,7,6,6,6,2,7,6,5,6,7,6,7,7,4,6,5,5,7,6,6,5
"67",67,"WBP065","Audio","LP2 well-being prediction",6,5,6,7,5,7,7,7,7,5,6,6,5,7,5,4,5,5,5,6,6,5,3
"68",68,"WBP066","Text","LP2 well-being prediction",7,7,7,7,5,7,3,6,7,6,7,7,6,7,2,5,7,6,5,6,7,7,7
"69",69,"WBP067","Audio","LP2 well-being prediction",2,5,4,4,3,3,3,4,4,3,4,3,2,3,3,5,4,3,4,3,3,5,3
"70",70,"WBP068","Text","LP2 well-being prediction",6,7,7,7,5,6,5,6,7,3,7,3,5,7,7,7,6,6,7,7,7,6,7
"71",71,"WBP069","Text","LP2 well-being prediction",6,2,4,2,6,2,3,6,7,3,6,2,6,4,5,2,6,6,5,7,6,4,6
"72",72,"WBP070","Text","LP2 well-being prediction",7,5,6,7,7,7,1,7,6,6,6,6,3,5,7,7,6,6,6,7,6,6,6
"73",73,"WBP071","Audio","LP2 well-being prediction",6,7,7,7,7,3,4,6,5,6,6,3,3,5,5,3,2,6,5,6,5,6,5
"74",74,"WBP072","Audio","LP2 well-being prediction",7,4,7,7,5,5,5,5,5,5,6,7,2,6,5,5,4,6,7,6,6,6,6
"75",75,"WBP073","Text","LP2 well-being prediction",6,5,7,6,6,6,3,6,6,6,6,6,3,3,5,3,6,7,6,6,6,6,5
"76",76,"WBP074","Text","LP2 well-being prediction",6,6,7,7,7,6,2,2,5,4,7,5,2,4,2,7,7,3,6,4,5,6,6
"77",77,"WBP075","Text","LP2 well-being prediction",6,7,6,7,6,7,6,7,7,6,6,6,5,7,7,7,6,6,7,7,7,7,6
"78",78,"WBP076","Text","LP2 well-being prediction",5,2,6,6,5,5,3,1,6,5,6,4,4,5,2,3,7,5,4,2,4,6,6
"79",79,"WBP077","Audio","LP2 well-being prediction",7,5,5,6,6,6,6,7,7,4,5,2,2,3,7,6,6,3,5,5,6,5,2
"80",80,"WBP078","Audio","LP2 well-being prediction",6,7,7,7,6,5,6,5,5,6,6,6,4,6,6,3,5,5,5,5,5,5,3
"81",81,"WBP079","Text","LP2 well-being prediction",3,3,6,7,7,3,1,2,1,1,6,4,3,4,2,7,6,3,2,5,2,5,2
"82",82,"WBP080","Audio","LP2 well-being prediction",3,7,5,7,6,7,3,7,2,6,6,3,3,7,6,6,4,5,3,6,6,6,2
"83",83,"WBP081","Text","LP2 well-being prediction",6,6,6,6,2,6,5,6,6,4,6,6,3,6,6,3,6,5,6,6,6,6,6
"84",84,"WBP082","Text","LP2 well-being prediction",5,7,7,7,6,6,2,7,2,5,7,2,3,5,6,6,4,6,6,7,7,7,6
"85",85,"WBP083","Audio","LP2 well-being prediction",6,6,6,5,5,3,3,3,3,5,2,3,5,2,3,3,5,5,3,2,6,2,4
"86",86,"WBP084","Text","LP2 well-being prediction",6,7,5,5,3,5,5,5,5,6,5,4,2,4,2,5,5,5,5,5,5,6,4
"87",87,"WBP085","Text","LP2 well-being prediction",7,7,7,7,7,7,5,7,6,7,6,7,7,6,7,5,6,6,6,5,6,6,6
"88",88,"WBP086","Text","LP2 well-being prediction",6,5,6,5,6,7,6,3,6,6,5,7,3,7,4,5,6,6,5,6,6,5,6
"89",89,"WBP087","Audio","LP2 well-being prediction",6,6,6,6,6,7,5,7,7,7,7,6,6,6,6,3,6,6,6,6,4,6,6
"90",90,"WBP088","Text","LP2 well-being prediction",6,6,7,7,6,7,3,2,5,6,7,7,6,7,6,6,5,7,6,6,4,6,6
"91",91,"WBP089","Text","LP2 well-being prediction",7,7,6,7,6,6,6,7,6,7,6,3,6,4,7,5,6,6,5,6,6,5,2
"92",92,"WBP090","Text","LP2 well-being prediction",7,6,6,6,6,6,2,6,6,6,6,6,6,3,6,7,6,6,7,6,6,6,7
"93",93,"WBP091","Text","LP2 well-being prediction",7,7,7,7,6,7,7,6,6,6,6,5,5,6,7,3,6,5,5,5,6,3,6
"94",94,"WBP092","Text","LP2 well-being prediction",4,7,5,6,5,5,3,5,5,3,3,3,3,3,3,6,4,4,3,5,4,3,3
"95",95,"WBP093","Text","LP2 well-being prediction",5,7,6,7,7,7,2,6,4,5,2,6,1,2,7,6,2,3,3,3,5,5,2
"96",96,"WBP094","Audio","LP2 well-being prediction",5,7,6,6,4,6,4,6,5,2,6,5,3,6,6,6,4,5,6,6,6,5,5
"97",97,"WBP095","Audio","LP2 well-being prediction",6,7,6,6,6,5,2,6,6,6,6,6,3,6,6,3,6,6,4,6,6,6,6
"98",98,"WBP095","Text","LP2 well-being prediction",7,7,6,7,7,6,2,7,6,6,7,7,6,7,6,2,7,7,5,5,6,6,2
"99",99,"WBP096","Text","LP2 well-being prediction",7,4,5,5,6,7,3,3,2,5,7,3,7,4,6,4,6,5,3,6,5,5,7
"100",100,"WBP097","Audio","LP2 well-being prediction",7,7,7,7,7,7,3,7,6,6,7,7,7,7,6,7,7,7,7,6,7,7,7
"101",101,"WBP098","Audio","LP2 well-being prediction",7,7,7,6,7,6,6,7,5,7,7,7,6,7,7,7,6,6,1,2,4,2,1
"102",102,"WBP098","Text","LP2 well-being prediction",7,3,7,6,7,7,6,7,6,7,7,7,5,6,7,7,2,7,4,3,4,3,2
"103",103,"WBP099","Audio","LP2 well-being prediction",6,2,7,5,6,7,4,5,5,6,5,2,3,6,6,4,5,2,4,6,7,7,5
"104",104,"WBP100","Text","LP2 well-being prediction",6,7,7,7,7,6,5,6,6,6,5,4,2,2,5,6,6,6,5,6,5,6,6
"105",105,"WBP101","Text","LP2 well-being prediction",6,7,7,7,6,7,4,7,5,6,6,7,5,6,7,3,5,6,6,6,6,6,6
"106",106,"WBP102","Audio","LP2 well-being prediction",5,4,5,5,5,5,2,5,4,4,4,4,4,3,5,6,3,4,3,5,4,2,1
"107",107,"WBP103","Text","LP2 well-being prediction",4,7,6,7,6,1,3,5,3.5,5,5.5,4,4,3,5,5.5,5,6,6,6,6,6,5
"108",108,"WBP104","Text","LP2 well-being prediction",6,6,7,6,7,7,3,6,5,4,6,5,2,3,6,7,5,6,7,5,6,7,5
"109",109,"WBP105","Audio","LP2 well-being prediction",4,7,7,7,7,7,3,4,6,1,6,2,6,4,3,2,7,6,5,6,6,6,1
"110",110,"WBP106","Text","LP2 well-being prediction",6,7,5,6,6,7,3,6,6,6,6,6,6,6,6,7,6,6,5,6,6,5,4
"111",111,"WBP107","Audio","LP2 well-being prediction",7,7,7,7,6,3,2,7,6,5,6,5,3,2,7,6,7,6,5,6,5,5,5
"112",112,"WBP108","Text","LP2 well-being prediction",3,5,4,3,5,2,3,2,4,5,5,2,3,3,6,2,2,4,4,5,4,3,2
"113",113,"WBP109","Audio","LP2 well-being prediction",5,7,5,5,5,4,3,2,4,2,2,3,4,6,3,5,3,5,5,4,3,3,4
"114",114,"WBP110","Audio","LP2 well-being prediction",6,7,4,7,7,7,2,1,6,2,7,4,3,3,3,7,3,2,7,7,7,7,5
"115",115,"WBP110","Text","LP2 well-being prediction",5,7,7,7,6,7,2,5,5,3,7,2,2,5,6,6,5,5,7,7,7,7,7
"116",116,"WBP111","Audio","LP2 well-being prediction",6,4,7,7,6,7,7,7,7,7,6,7,5,7,6,5,6,6,3,3,4,5,3
"117",117,"WBP111","Text","LP2 well-being prediction",7,7,7,7,5,7,6,3,7,6,7,6,5,3,5,5,6,3,4,2,6,5,3
"118",118,"WBP112","Audio","LP2 well-being prediction",4,4,4,4,4,6,3,7,4,4,6,4,4,6,4,4,4,4,4,4,4,4,4
"119",119,"WBP113","Text","LP2 well-being prediction",6,7,6,6,5,3,6,7,5,3,7,7,3,7,7,7,7,3,5,6,7,7,3
"120",120,"WBP114","Text","LP2 well-being prediction",6,7,5,7,6,6,3,6,6,6,3,3,3,1,5,5,6,3,2,3,2,2,2
"121",121,"WBP115","Text","LP2 well-being prediction",7,7,7,7,7,7,6,7,7,6,6,5,5,7,7,5,6,6,6,6,6,6,6
"122",122,"WBP116","Text","LP2 well-being prediction",5,7,7,7,4,2,2,6,5,6,7,7,4,6,3,2,3,7,7,7,7,7,7
"123",123,"WBP117","Audio","LP2 well-being prediction",7,6,7,7,7,7,6,7,7,6,6,7,2,7,7,7,6,6,6,5,6,6,6
"124",124,"WBP118","Text","LP2 well-being prediction",7,7,7,7,7,7,3,7,3,7,7,6,2,7,6,7,6,6,7,6,6,6,7
"125",125,"WBP119","Text","LP2 well-being prediction",6,6,7,7,3,6,3,7,6,6,6,7,4,7,5,6,5,6,7,6,7,7,7
"126",126,"WBP120","Audio","LP2 well-being prediction",7,4,7,7,7,7,3,1,3,6,6,3,1,2,7,6,6,2,4,5,5,6,2
"127",127,"WBP121","Audio","LP2 well-being prediction",6,7,7,7,7,5,5,7,6,6,6,6,3,4,6,3,6,6,5,5,6,6,6
"128",128,"WBP122","Audio","LP2 well-being prediction",3,7,5,6,5,5,3,6,5,6,5,5,2,2,2,2,6,3,2,4,3,1,2
"129",129,"WBP123","Text","LP2 well-being prediction",6,5,7,6,4,6,6,7,6,2,4,3,2,6,2,6,2,6,4,6,3,5,3
"130",130,"WBP124","Text","LP2 well-being prediction",6,7,7,7,6,7,7,7,7,7,7,6,3,6,7,7,6,5,6,6,6,5,6
"131",131,"WBP125","Text","LP2 well-being prediction",6,2,7,6,6,2,1,3,6,3,7,5,5,2,4,4,6,5,5,5,6,4,5
"132",132,"WBP126","Text","LP2 well-being prediction",6,7,7,7,7,7,6,6,7,6,7,7,2,7,6,7,6,6,6,5,7,7,7
"133",133,"WBP127","Audio","LP2 well-being prediction",7,7,7,7,6,7,6,7,7,5,7,7,6,7,6,7,7,7,6,6,6,6,6
"134",134,"WBP128","Text","LP2 well-being prediction",6,4,5,6,6,4,3,3,6,7,6,5,2,3,2,4,4,5,5,5,5,5,3
"135",135,"WBP129","Text","LP2 well-being prediction",7,6,7,6,7,6,7,6,7,6,6,7,5,7,7,7,5,7,5,4,5,6,2
"136",136,"WBP130","Text","LP2 well-being prediction",4,7,5,4,5,6,3,5,5,5,4,3,3,4,3,6,4,2,3,2,5,2,1
"137",137,"WBP131","Audio","LP2 well-being prediction",7,4,6,6,7,4,2,3,5,5,7,6,3,5,3,5,6,4,3,2,5,7,4
"138",138,"WBP132","Text","LP2 well-being prediction",6,7,7,7,4,6,6,7,7,6,7,6,3,7,7,6,3,5,7,7,7,7,6
"139",139,"WBP133","Audio","LP2 well-being prediction",3,7,6,5,2,7,3,5,7,6,1,1,1,1,4,4,5,2,2,3,1,1,4
"140",140,"WBP134","Text","LP2 well-being prediction",7,7,6,7,6,7,7,7,7,7,6,7,2,6,7,6,6,6,7,7,7,6,7
"141",141,"WBP135","Audio","LP2 well-being prediction",6,7,7,7,7,6,2,7,6,5,7,5,4,3,6,7,6,7,7,7,6,7,6
"142",142,"WBP136","Text","LP2 well-being prediction",6,7,5,6,7,7,6,7,6,6,6,7,3,6,7,7,4,7,6,6,6,7,6
"143",143,"WBP137","Text","LP2 well-being prediction",7,7,7,7,7,7,6,7,6,6,7,6,5,7,7,3,5,7,5,5,6,6,7
"144",144,"WBP138","Audio","LP2 well-being prediction",6,7,7,6,4,7,2,7,5,6,7,3,6,6,7,7,6,6,4,7,7,7,6
"145",145,"WBP139","Text","LP2 well-being prediction",6,7,6,6,5,6,5,2,6,5,5,6,6,6,6,6,5,6,5,5,6,5,6
"146",146,"WBP140","Audio","LP2 well-being prediction",5,6,7,7,5,7,2,7,5,6,7,4,2,6,6,5,3,6,5,5,5,2,3
"147",147,"WBP141","Audio","LP2 well-being prediction",4,4,6,7,6,4,4,6,6,6,5,4,3,4,7,6,2,5,2,3,3,6,3
"148",148,"WBP142","Text","LP2 well-being prediction",7,6,7,6,6,7,5,7,5,6,6,7,2,2,5,5,4,6,6,6,6,3,2
"149",149,"WBP143","Text","LP2 well-being prediction",5,6,5,6,7,5,2,6,2,2,3,4,4,3,7,7,6,3,4,4,3,3,2
"150",150,"WBP144","Text","LP2 well-being prediction",6,5,6,5,6,6,4,7,7,7,7,6,6,7,7,5,6,5,7,7,7,7,7
"151",151,"WBP145","Text","LP2 well-being prediction",6,7,6,6,7,5,5,7,5,6,6,6,4,6,6,4,5,4,6,6,6,7,7
"152",152,"WBP146","Audio","LP2 well-being prediction",7,7,7,7,7,7,7,1,7,7,5,5,2,5,7,3,2,5,3,4,3,3,1
"153",153,"WBP147","Audio","LP2 well-being prediction",4,7,5,6,5,5,4,6,5,4,4,2,3,5,7,5,5,2,5,5,5,2,1
"154",154,"WBP148","Text","LP2 well-being prediction",6,7,7,7,7,7,5,6,7,6,6,6,5,6,4,6,7,6,5,5,4,5,3
"155",155,"WBP149","Audio","LP2 well-being prediction",5,3,4,4,4,4,3,6,5,5,3,4,5,3,3,3,5,4,5,5,6,6,6
"156",156,"WBP150","Text","LP2 well-being prediction",7,6,6,6,6,6,5,7,6,6,5,4,4,6,4,5,6,5,6,6,6,5,6
"157",157,"WBP151","Audio","LP2 well-being prediction",6,1,7,6,5,2,3,2,6,5,6,6,2,5,3,4,6,5,6,6,6,6,5
"158",158,"WBP151","Text","LP2 well-being prediction",6,5,7,6,6,5,1,6,6,6,6,6,3,2,5,2,6,6,6,7,6,6,6
"159",159,"WBP152","Audio","LP2 well-being prediction",6,6,7,7,3,7,5,7,6,3,7,7,6,6,7,5,6,7,7,7,7,7,7
"160",160,"WBP153","Text","LP2 well-being prediction",6,6,6,6,6,4,4,6,6,4,5,5,2,4,3,3,4,4,2,4,4,2,4
"161",161,"WBP154","Audio","LP2 well-being prediction",5,7,6,7,6,4,3,1,6,3,6,3,6,4,6,4,6,5,4,6,6,6,3
"162",162,"WBP155","Text","LP2 well-being prediction",6,7,5,6,5,6,6,7,6,6,6,4,2,6,7,3,6,4,7,7,7,7,6
"163",163,"WBP156","Audio","LP2 well-being prediction",5,6,7,5,6,4,3,6,7,4,5,7,2,3,7,7,5,4,3,3,5,3,3
"164",164,"WBP157","Text","LP2 well-being prediction",5,7,6,6,4,7,2,7,5,3,5,7,5,3,5,7,6,5,3,5,5,3,2
"165",165,"WBP158","Audio","LP2 well-being prediction",6,7,7,7,7,7,3,4,3,5,3,6,2,6,6,7,5,3,5,5,5,3,1
"166",166,"WBP159","Text","LP2 well-being prediction",3,6,5,6,6,5,3,5,5,5,5,4,3,2,4,7,5,3,3,5,6,5,2
"167",167,"WBP160","Audio","LP2 well-being prediction",6,5,6,6,6,6,2,5,5,6,3,4,3,2,4,3,3,6,3,4,3,2,2
"168",168,"WBP161","Audio","LP2 well-being prediction",5,7,6,7,5,5,6,2,5,3,5,3,5,2,2,7,6,6,3,6,5,5,4
"169",169,"WBP162","Text","LP2 well-being prediction",6,5,6,5,5,5,3,3,5,4,6,4,2,5,2,4,4,5,5,6,6,6,6
"170",170,"WBP163","Text","LP2 well-being prediction",6,6,6,6,6,5,2,2,5,4,6,4,4,6,6,6,6,5,6,6,6,6,5
"171",171,"WBP164","Audio","LP2 well-being prediction",5,7,5,6,5,4,3,7,2,5,6,5,3,6,6,5,4,6,5,6,7,5,3
"172",172,"WBP165","Text","LP2 well-being prediction",6,7,6,7,4,6,2,7,6,5,6,5,6,6,7,3,5,6,5,6,6,6,5
"173",173,"WBP166","Audio","LP2 well-being prediction",6,6,5,6,6,5,5,6,6,6,6,3,2,3,6,7,3,5,5,4,6,6,5
"174",174,"WBP167","Audio","LP2 well-being prediction",6,7,6,6,6,7,3,2,5,2,6,6,4,6,6,6,5,6,6,4,6,5,1
"175",175,"WBP168","Text","LP2 well-being prediction",7,7,7,7,7,7,3,7,5,6,7,2,5,7,6,7,6,6,7,7,6,6,7
"176",176,"WBP169","Audio","LP2 well-being prediction",4,4,7,5,7,4,3,4,2,4,3,4,4,5,4,4,4,3,4,4,4,4,4
"177",177,"WBP170","Text","LP2 well-being prediction",7,7,7,7,7,6,7,7,7,7,6,6,3,7,7,5,6,6,5,3,6,3,6
"178",178,"WBP171","Audio","LP2 well-being prediction",7,7,7,7,7,7,4,7,5,7,7,5,7,7,6,7,6,7,7,7,7,6,7
"179",179,"WBP172","Audio","LP2 well-being prediction",2,7,6,6,5,5,3,1,5,6,3,5,2,3,1,5,6,5,2,6,3,5,1
"180",180,"WBP173","Text","LP2 well-being prediction",2,6,3,7,5,5,1,2,2,2,2,5,2,2,1,6,4,5,2,4,3,2,2
"181",181,"WBP174","Audio","LP2 well-being prediction",7,6,7,7,6,6,4,7,6,6,6,6,6,6,7,5,6,6,5,6,6,6,3
"182",182,"WBP175","Text","LP2 well-being prediction",5,2,6,6,5,3,3,1,5,4,6,6,1,2,2,2,5,5,6,6,1,6,6
"183",183,"WBP176","Text","LP2 well-being prediction",6,7,6,6,5,3,6,7,3,5,1,3,2,1,3,3,5,1,2,5,2,5,1
"184",184,"WBP177","Text","LP2 well-being prediction",4,7,6,6,2,4,2,4,7,5,5,6,6,5,3,6,5,5,5,5,7,6,3
"185",185,"WBP178","Audio","LP2 well-being prediction",4,6,6,7,5,4,3,3,5,3,5,3,2,5,5,6,3,2,3,2,5,6,2
"186",186,"WBP179","Audio","LP2 well-being prediction",5,7,5,5,4,6,5,2,6,4,6,6,2,3,1,7,2,5,2,2,3,2,7
"187",187,"WBP180","Audio","LP2 well-being prediction",7,7,7,5,5,6,4,7,6,7,4,7,6,7,6,5,7,7,4,4,4,4,4
"188",188,"WBP181","Audio","LP2 well-being prediction",7,7,6,6,7,6,3,1,6,6,6,6,6,6,7,2,6,6,6,6,6,6,5
"189",189,"WBP182","Audio","LP2 well-being prediction",6,7,6,7,6,6,3,7,6,5,6,6,3,6,6,4,6,7,6,6,6,6,5
"190",190,"WBP183","Audio","LP2 well-being prediction",5,4,7,4,3,5,4,7,5,6,7,3,5,3,6,4,4,5,7,6,6,7,4
"191",191,"WBP184","Text","LP2 well-being prediction",1,7,6,7,4,7,1,5,6,1,1,5,1,1,5,7,6,1,1,1,1,3,1
"192",192,"WBP185","Audio","LP2 well-being prediction",6,6,7,7,4,7,3,5,6,6,6,7,3,7,3,6,7,6,7,7,6,4,7
"193",193,"WBP186","Text","LP2 well-being prediction",5,6,7,6,4,3,6,3,6,5,3,3,3,3,1,3,3,3,2,2,2,3,3
"194",194,"WBP187","Audio","LP2 well-being prediction",5,7,5,7,3,5,3,5,3,4,4,3,3,4,3,7,2,3,3,3,2,2,4
"195",195,"WBP188","Text","LP2 well-being prediction",6,7,6,6,3.5,7,4,6.5,5,3.5,6,6.5,6,6.5,6,6,5.5,6,4.5,4,5.5,4.5,4
"196",196,"WBP189","Audio","LP2 well-being prediction",6,7,7,7,6,7,1,7,3,6,7,7,6,7,7,6,5,5,2,3,7,7,3
"197",197,"WBP190","Text","LP2 well-being prediction",7,7,6,7,7,6,5,7,7,6,7,6,6,7,7,3,7,6,7,7,7,7,6
"198",198,"WBP191","Text","LP2 well-being prediction",6,7,3,7,4,7,3,7,6,4,6,4,3,6,7,5,5,5,5,6,6,5,2
"199",199,"WBP192","Text","LP2 well-being prediction",7,7,6,7,7,7,7,6,7,6,7,7,6,7,5,6,7,6,6,6,2,6,3
"200",200,"WBP193","Audio","LP2 well-being prediction",7,7,7,1,5,7,6,5,7,7,7,6,7,7,7,6,6,6,5,6,7,6,3
"201",201,"WBP194","Audio","LP2 well-being prediction",6,7,7,7,5,3,1,7,6,6,4,3,2,6,4,4,5,2,5,6,6,6,2
"202",202,"WBP195","Text","LP2 well-being prediction",5,6,6,6,4,6,5,6,5,3,5,5,3,5,3,5,4,6,3,4,5,2,2
"203",203,"WBP196","Text","LP2 well-being prediction",6,6,6,4,7,5,5,6,6,6,6,3,1,6,5,2,4,6,4,5,6,4,3
"204",204,"WBP197","Audio","LP2 well-being prediction",6,6,7,6,5,1,2,6,5,6,4,5,1,3,2,7,6,6,2,7,2,1,2
"205",205,"WBP198","Audio","LP2 well-being prediction",6,3,6,7,7,2,5,6,7,7,2,1,1,2,3,7,5,3,2,1,1,5,1
"206",206,"WBP199","Text","LP2 well-being prediction",5,4,7,6,6,5,2,6,5,6,6,5,5,3,6,6,6,6,6,6,4,6,5
"207",207,"WBP200","Audio","LP2 well-being prediction",5,7,7,6,5,7,3,7,6,6,7,5,2,5,6,7,7,5,5,7,7,6,2
"208",208,"WBP201","Text","LP2 well-being prediction",6,7,6,5,3,7,6,6,7,6,5,6,3,7,5,7,5,5,3,5,5,5,3
"209",209,"WBP202","Text","LP2 well-being prediction",6,7,7,7,7,6,2,3,3,3,6,4,4,7,2,5,4,4,4,4,7,6,3
"210",210,"WBP203","Audio","LP2 well-being prediction",7,7,7,7,7,7,6,1,6,7,7,6,6,6,7,3,7,6,7,7,6,5,4
"211",211,"WBP204","Audio","LP2 well-being prediction",6,7,7,7,5,7,7,7,6,6,5,6,6,7,6,4,4,5,3,6,6,6,6
"212",212,"WBP205","Text","LP2 well-being prediction",1,7,5,5,3,7,1,3,5,1,2,1,2,1,3,3,4,1,1,4,1,1,1
"213",213,"WBP206","Audio","LP2 well-being prediction",5,6,6,5,5,6,3,1,5,5,6,6,2,5,1,7,6,5,2,4,4,5,1
"214",214,"WBP207","Text","LP2 well-being prediction",7,7,7,7,5,7,6,5,6,6,6,5,5,6,5,1,5,5,5,6,5,5,7
"215",215,"WBP208","Audio","LP2 well-being prediction",5,7,6,6,3,5,5,3,5,5,2,5,2,3,6,3,3,5,2,3,3,2,1
"216",216,"WBP209","Text","LP2 well-being prediction",6,6,6,7,7,7,2,6,4,3,6,4,5,7,5,6,6,3,3,2,4,1,3
"217",217,"WBP210","Text","LP2 well-being prediction",6,6,6,7,5,3,5,7,6,5,6,6,5,6,6,6,5,4,5,6,6,5,5
"218",218,"WBP211","Audio","LP2 well-being prediction",7,5,5,7,5,4,6,7,7,7,4,3,4,3,7,6,6,5,4,5,2,4,1
"219",219,"WBP212","Text","LP2 well-being prediction",6,7,7,6,6,7,7,2,6,5,5,6,3,1,1,6,6,4,1,3,5,3,1
"220",220,"WBP213","Text","LP2 well-being prediction",5,7,6,6,5,6,4,5,6,7,4,6,1,2,3,7,2,3,5,6,3,6,5
"221",221,"WBP214","Text","LP2 well-being prediction",7,7,6,6,7,7,7,6,7,7,5,6,6,7,5,7,6,6,2,5,5,5,2
"222",222,"WBP215","Audio","LP2 well-being prediction",5,7,4,3,5,6,3,6,3,6,6,3,6,6,3,5,6,6,5,7,5,6,5
"223",223,"WBP216","Text","LP2 well-being prediction",7,7,7,7,7,7,7,7,7,7,7,7,7,7,7,7,7,7,7,7,7,7,7
